Name,Year,Duration,Rating,MetaScore,Vote,Gross
Avengers: Infinity War,2018,149,8.5,68,563029,678815482
Logan,2017,137,8.1,77,528899,226277068
Wonder Woman,2017,141,7.5,76,459157,412563408
Dunkirk,2017,106,7.9,94,440547,188373161
Black Panther,2018,134,7.4,88,440302,700059566
Star Wars: Episode VIII - The Last Jedi,2017,152,7.2,85,437887,620181382
Guardians of the Galaxy Vol. 2,2017,136,7.7,67,436184,389813101
Thor: Ragnarok,2017,130,7.9,74,420837,315058289
Spider-Man: Homecoming,2017,133,7.5,73,382665,334201140
Get Out,2017,104,7.7,84,357253,176040665
Blade Runner 2049,2017,164,8.0,81,355751,92054159
Baby Driver,2017,112,7.6,86,341561,107825862
Deadpool 2,2018,119,7.8,66,331416,324535803
It,2017,135,7.4,69,330003,327481748
"Three Billboards Outside Ebbing, Missouri",2017,115,8.2,88,310920,54513740
Justice League,2017,120,6.5,45,306485,229024295
The Shape of Water,2017,123,7.4,87,279324,63859435
Ready Player One,2018,140,7.5,64,263526,137690172
John Wick: Chapter 2,2017,122,7.5,75,255557,92029184
A Quiet Place,2018,90,7.6,82,254606,188024361
Coco,2017,105,8.4,81,249181,209726015
Beauty and the Beast,2017,129,7.2,65,225954,504014165
Jumanji: Welcome to the Jungle,2017,119,7.0,58,224997,404515480
Kong: Skull Island,2017,118,6.7,62,223758,168052812
Alien: Covenant,2017,122,6.4,65,216933,74262031
Pirates of the Caribbean: Dead Men Tell No Tales,2017,129,6.6,39,216335,172558876
Kingsman: The Golden Circle,2017,141,6.8,44,215905,100234838
Venom,2018,112,6.8,35,206603,213429141
Mission: Impossible - Fallout,2018,147,7.8,86,202410,220159104
13 Reasons Why,2017,60,8.1,Unknown,198772,Unknown
Annihilation,2018,115,6.9,79,198635,32732301
War for the Planet of the Apes,2017,140,7.5,82,192180,146880162
Jurassic World: Fallen Kingdom,2018,128,6.2,51,189924,416769345
Solo: A Star Wars Story,2018,135,7.0,62,189794,213767512
The Greatest Showman,2017,105,7.7,48,180920,174340174
Ant-Man and the Wasp,2018,118,7.2,70,179788,216648740
Bohemian Rhapsody,2018,134,8.3,49,176363,194917649
The Fate of the Furious,2017,136,6.7,56,172435,226008385
Life,2017,104,6.6,54,170362,30234022
Murder on the Orient Express,2017,114,6.5,52,169012,102826543
Ghost in the Shell,2017,107,6.4,52,167438,40533014
Incredibles 2,2018,118,7.8,80,162477,608581744
Lady Bird,2017,94,7.4,94,161431,48958273
King Arthur: Legend of the Sword,2017,126,6.8,41,161219,39175066
Wind River,2017,107,7.7,73,157056,33800859
The Hitman's Bodyguard,2017,118,6.9,47,152991,75468583
Tomb Raider,2018,119,6.3,48,148612,57421715
The Mummy,2017,110,5.5,34,146550,80101125
Mother!,2017,121,6.6,75,144650,17800004
Atomic Blonde,2017,115,6.7,63,141868,51573925
Game Night,2018,100,7.0,66,141270,69001013
Bright,2017,117,6.4,29,141193,Unknown
Call Me by Your Name,2017,132,7.9,93,139056,18095701
Valerian and the City of a Thousand Planets,2017,137,6.5,51,132784,41189488
Bird Box,2018,124,6.7,52,132291,Unknown
A Star Is Born,2018,136,8.1,88,130288,202322968
"I, Tonya",2017,120,7.5,77,126583,30014539
Darkest Hour,2017,125,7.4,75,125748,56443120
Baywatch,2017,116,5.6,37,125590,58060186
American Made,2017,115,7.2,65,122577,51342000
Red Sparrow,2018,140,6.6,53,120961,46874505
The Punisher,2017,53,8.6,Unknown,120748,Unknown
Hereditary,2018,127,7.3,87,120408,44069456
Aquaman,2018,143,7.5,55,119088,268594515
Ocean's Eight,2018,110,6.2,61,117581,139377762
Transformers: The Last Knight,2017,154,5.2,27,111954,130168683
La casa de papel,2017,70,8.6,Unknown,109187,Unknown
The Lego Batman Movie,2017,104,7.3,75,108730,175750384
Mindhunter,2017,60,8.6,Unknown,107139,Unknown
Fantastic Beasts: The Crimes of Grindelwald,2018,134,6.8,52,106345,158201282
The Disaster Artist,2017,104,7.4,76,103691,21120616
The Handmaid's Tale,2017,60,8.6,Unknown,102242,Unknown
Wonder,2017,113,8.0,66,101981,132422809
The Dark Tower,2017,95,5.7,34,101518,50701325
Rampage,2018,107,6.1,45,100886,99345950
Logan Lucky,2017,118,7.0,78,100022,27780977
The Post,2017,116,7.2,83,99154,81903458
The Big Sick,2017,120,7.6,86,98869,42872467
Ozark,2017,60,8.4,Unknown,95633,Unknown
Iron Fist,2017,55,6.7,Unknown,95426,Unknown
Taboo,2017,59,8.5,Unknown,94706,Unknown
Molly's Game,2017,140,7.5,71,93604,28780744
The Haunting of Hill House,2018,50,8.8,Unknown,93595,Unknown
Altered Carbon,2018,60,8.2,Unknown,92988,Unknown
Big Little Lies,2017,60,8.6,Unknown,92299,Unknown
The Meg,2018,113,5.7,46,90810,143005856
T2 Trainspotting,2017,117,7.2,67,90530,2402004
Dark,2017,60,8.6,Unknown,90153,Unknown
Isle of Dogs,2018,101,7.9,82,88919,32015231
The Boss Baby,2017,97,6.3,50,88203,175003033
Power Rangers,2017,124,6.0,44,88147,85067486
Despicable Me 3,2017,89,6.3,49,85474,264624300
Annabelle: Creation,2017,109,6.5,62,83916,102092201
Maze Runner: The Death Cure,2018,143,6.2,50,82621,58032443
Pacific Rim: Uprising,2018,111,5.6,44,81139,59185715
The Killing of a Sacred Deer,2017,121,7.0,73,80527,2291901
Upgrade,2018,100,7.6,67,79997,11871365
BlacKkKlansman,2018,135,7.6,83,79792,48271960
The End of the F***ing World,2017,25,8.2,Unknown,79044,Unknown
What Happened to Monday,2017,123,6.9,47,78554,Unknown
Phantom Thread,2017,130,7.5,90,78331,21023275
Fifty Shades Darker,2017,118,4.6,33,77864,114376885
Gifted,2017,101,7.6,60,77549,24801212
Sicario: Day of the Soldado,2018,122,7.1,61,77543,50072235
The Cloverfield Paradox,2018,102,5.6,37,76791,Unknown
The Foreigner,2017,113,7.0,55,76597,34393507
The Equalizer 2,2018,121,6.8,50,75455,102084362
xXx: Return of Xander Cage,2017,107,5.2,42,75281,44898413
The Predator,2018,107,5.5,48,74851,51024708
First Man,2018,141,7.5,84,74554,44936545
Geostorm,2017,109,5.3,21,73422,33700160
The Commuter,2018,105,6.3,56,73110,36343858
The Nun,2018,96,5.5,46,72989,117443149
Happy Death Day,2017,96,6.5,57,71913,55683845
Reis,2017,108,1.8,Unknown,71752,Unknown
"Love, Simon",2018,110,7.7,72,71723,40826341
Spider-Man: Into the Spider-Verse,2018,117,8.7,87,70276,137850009
The Defenders,2017,50,7.4,Unknown,70166,Unknown
Downsizing,2017,135,5.7,63,69422,24449754
The Circle,2017,110,5.3,43,69177,20476391
Legion,2017,60,8.3,Unknown,69034,Unknown
Crazy Rich Asians,2018,120,7.0,74,68297,174051805
Okja,2017,120,7.3,75,67657,Unknown
Searching,2018,102,7.7,71,66816,26020957
Skyscraper,2018,102,5.9,51,66627,67796355
Halloween,2018,106,6.8,67,65884,159342015
Tag,2018,100,6.6,56,65794,54547470
The Florida Project,2017,111,7.6,92,65669,5904366
It Comes at Night,2017,91,6.2,78,65132,13985117
Death Note,2017,101,4.5,43,63887,Unknown
Game of Thrones,2011,50,9.8,Unknown,63552,Unknown
Baahubali 2: The Conclusion,2017,167,8.3,Unknown,62806,20186659
Going in Style,2017,96,6.6,50,62078,45003463
Den of Thieves,2018,140,7.0,49,61098,44947622
You Were Never Really Here,2017,89,6.8,84,59172,2523610
Gerald's Game,2017,103,6.6,77,58952,Unknown
Star Trek: Discovery,2017,60,7.4,Unknown,56873,Unknown
The Ballad of Buster Scruggs,2018,133,7.4,79,56201,Unknown
A Simple Favor,2018,117,6.9,67,55713,53542417
All the Money in the World,2017,132,6.8,72,55336,25106315
The Death of Stalin,2017,107,7.2,88,54899,8041828
American Assassin,2017,112,6.2,45,54743,36249674
Cars 3,2017,102,6.8,59,54410,152901115
Shot Caller,2017,121,7.3,59,53919,Unknown
Jigsaw,2017,92,5.8,39,53815,38052832
The Mountain Between Us,2017,112,6.4,48,53407,30348555
American Gods,2017,60,8.1,Unknown,52742,Unknown
Enes Batur Hayal mi Gerçek mi?,2018,110,5.8,Unknown,50789,Unknown
To All the Boys I've Loved Before,2018,99,7.3,64,50408,Unknown
A Dog's Purpose,2017,100,7.0,43,49732,64508620
Mamma Mia! Here We Go Again,2018,114,6.9,60,49674,120634935
The Sinner,2017,60,8.0,Unknown,49561,Unknown
Blockers,2018,102,6.2,69,49103,59839515
Bad Times at the El Royale,2018,141,7.2,60,48865,17839115
Sacred Games,2018,50,8.9,Unknown,48515,Unknown
The Ritual,2017,94,6.3,57,47975,Unknown
Good Time,2017,101,7.3,80,47842,2009484
Lost in Space,2018,60,7.2,Unknown,47137,Unknown
Bodyguard,2018,60,8.2,Unknown,46629,Unknown
Hostiles,2017,134,7.2,65,46382,29819114
The Snowman,2017,119,5.1,23,44773,6670765
The Emoji Movie,2017,86,3.2,12,44736,86089513
Daddy's Home Two,2017,100,6.0,30,44710,104029443
Roma,2018,135,8.1,96,44171,Unknown
12 Strong,2018,130,6.6,54,44101,45495662
Game of Thrones,2011,70,9.2,Unknown,43692,Unknown
A Ghost Story,2017,92,6.8,84,43330,1596371
Death Wish,2018,107,6.4,31,42663,34017028
The Babysitter,2017,85,6.3,Unknown,42606,Unknown
A Series of Unfortunate Events,2017,50,7.9,Unknown,42239,Unknown
Maniac,2018,40,8.0,Unknown,42021,Unknown
Game of Thrones,2011,80,9.6,Unknown,41880,Unknown
Paddington 2,2017,103,7.9,88,41337,40442052
Pitch Perfect 3,2017,93,5.8,40,41050,104897530
The Square,2017,151,7.3,73,40977,1502347
Only the Brave,2017,134,7.7,72,40751,18340051
Jack Ryan,2018,60,8.2,Unknown,40415,Unknown
The Beguiled,2017,93,6.3,77,40292,10576669
Battle of the Sexes,2017,121,6.7,73,40157,12638526
Brawl in Cell Block 99,2017,132,7.1,79,40058,Unknown
Twin Peaks,2017,60,8.5,Unknown,39774,Unknown
Fifty Shades Freed,2018,105,4.5,31,39505,100407760
The Good Doctor,2017,41,8.3,Unknown,38853,Unknown
The Space Between Us,2017,120,6.4,33,38328,7829766
Insidious: The Last Key,2018,103,5.7,49,38173,67347895
Christopher Robin,2018,104,7.4,60,37809,99215042
Detroit,2017,143,7.4,77,37677,16790139
The Orville,2017,44,7.9,Unknown,37647,Unknown
The Spy Who Dumped Me,2018,117,6.0,52,37262,33562069
Santa Clarita Diet,2017,30,7.8,Unknown,37137,Unknown
Mile 22,2018,94,6.1,38,37054,36108758
Ferdinand,2017,108,6.7,58,36881,84410380
The Kissing Booth,2018,105,6.2,Unknown,36848,Unknown
Rough Night,2017,101,5.2,51,36764,22062200
Sanju,2018,155,8.0,Unknown,36733,7909317
Before I Fall,2017,98,6.4,58,36703,12230791
Outlaw King,2018,121,7.0,59,36524,Unknown
47 Meters Down,2017,89,5.6,52,36491,44307191
Cumali Ceber: Allah Seni Alsin,2017,100,1.3,Unknown,36478,Unknown
Game of Thrones,2011,59,8.7,Unknown,36271,Unknown
Godless,2017,60,8.4,Unknown,36172,Unknown
Loving Vincent,2017,94,7.8,62,36023,6735118
Raees,2017,143,6.9,Unknown,35779,3262954
I Don't Feel at Home in This World Anymore.,2017,93,6.9,75,35486,Unknown
Sharp Objects,2018,60,8.2,Unknown,34711,Unknown
The Marvelous Mrs. Maisel,2017,57,8.7,Unknown,34633,Unknown
Chilling Adventures of Sabrina,2018,60,7.8,Unknown,34514,Unknown
Mowgli,2018,104,6.6,51,34440,Unknown
CHIPS,2017,100,6.0,28,34399,18591819
The First Purge,2018,98,5.1,54,34276,69086325
Ralph Breaks the Internet,2018,112,7.3,71,33881,188071906
Hotel Transylvania 3: Summer Vacation,2018,97,6.3,54,33512,167510016
Mandy,2018,121,6.6,81,33138,1214525
O Mecanismo,2018,41,8.8,Unknown,33132,Unknown
Fist Fight,2017,91,5.6,37,33066,32187017
Extinction,2018,95,5.8,40,33050,Unknown
Jungle,2017,115,6.7,48,33003,Unknown
War Machine,2017,122,6.0,56,32990,Unknown
Black Mirror,2011,76,8.3,Unknown,32956,Unknown
The Christmas Chronicles,2018,104,7.1,52,32913,Unknown
Tully,2018,95,7.0,75,32872,9227130
Rings,2017,102,4.5,25,32699,27780085
Alpha,2018,96,6.7,63,32577,35851379
Krym,2017,99,7.2,Unknown,32449,Unknown
1922,2017,102,6.3,70,32321,Unknown
I Feel Pretty,2018,110,5.4,48,32259,48795601
Atypical,2017,30,8.4,Unknown,32236,Unknown
Johnny English Strikes Again,2018,89,6.3,39,32131,4280890
How It Ends,2018,113,5.0,36,32006,Unknown
Manhunt: Unabomber,2017,60,8.2,Unknown,31916,Unknown
Black Mirror,2011,51,8.8,Unknown,31731,Unknown
Flatliners,2017,109,5.2,27,31535,16866403
A Wrinkle in Time,2018,109,4.2,53,31409,100478608
Mudbound,2017,134,7.4,85,31402,Unknown
Game of Thrones,2011,63,9.3,Unknown,31394,Unknown
When We First Met,2018,97,6.4,36,31341,Unknown
Big Mouth,2017,30,8.1,Unknown,30982,Unknown
The House,2017,88,5.6,30,30924,25481529
Stronger,2017,119,7.0,76,30695,4211129
A Bad Moms Christmas,2017,104,5.5,42,30644,72110659
Bumblebee,2018,114,7.3,67,30610,100952564
Game of Thrones,2011,59,9.0,Unknown,30258,Unknown
To the Bone,2017,107,6.9,64,30252,Unknown
Game of Thrones,2011,59,9.0,Unknown,29456,Unknown
Sorry to Bother You,2018,111,7.0,80,29363,17493096
The Zookeeper's Wife,2017,127,7.0,57,29263,17445186
Suburbicon,2017,105,5.6,42,29039,5775178
Snatched,2017,90,4.5,45,28692,45825314
GLOW,2017,35,8.1,Unknown,28379,Unknown
Adrift,2018,96,6.6,56,28359,31445012
Truth or Dare,2018,100,5.1,35,28325,40717020
The Meyerowitz Stories (New and Selected),2017,112,6.9,79,28185,Unknown
Race 3,2018,160,2.1,Unknown,27839,1690861
Set It Up,2018,105,6.5,62,27789,Unknown
Girls Trip,2017,122,6.2,71,27720,115108515
Andhadhun,2018,139,8.8,Unknown,27698,1193046
Kidnap,2017,95,5.9,44,27473,30718107
Eighth Grade,2018,93,7.5,90,27418,13539709
Unsane,2018,98,6.4,63,27121,7732899
Verónica,2017,105,6.2,Unknown,26769,Unknown
Creed II,2018,130,7.7,66,26575,114545024
Cobra Kai,2018,30,8.9,Unknown,26016,Unknown
Icarus,2017,120,7.9,68,25979,Unknown
Black Mirror,2011,52,7.3,Unknown,25948,Unknown
Killing Eve,2018,43,8.3,Unknown,25616,Unknown
Widows,2018,129,7.4,84,25526,42150649
Anon,2018,100,6.1,54,25308,Unknown
Ingrid Goes West,2017,98,6.6,71,25256,3024308
Mary Poppins Returns,2018,130,7.2,66,24939,142558412
Peppermint,2018,101,6.5,29,24730,35418723
Peter Rabbit,2018,95,6.6,51,24720,115253424
"Everything, Everything",2017,96,6.4,52,24553,34000284
The Gifted,2017,43,7.6,Unknown,24420,Unknown
The Shack,2017,132,6.3,32,24250,57330873
Ayla: The Daughter of War,2017,125,8.8,Unknown,24223,Unknown
Disenchantment,2018,30,7.2,Unknown,24091,Unknown
Sleepless,2017,95,5.6,34,24087,20757977
Black Mirror,2011,59,7.3,Unknown,23989,Unknown
The Alienist,2018,60,7.8,Unknown,23985,Unknown
Arif v 216,2018,125,7.5,Unknown,23737,Unknown
Cargo,2017,105,6.3,65,23707,Unknown
The Terror,2018,60,8.1,Unknown,23640,Unknown
Black Mirror,2011,69,8.7,Unknown,23512,Unknown
Victoria & Abdul,2017,111,6.8,58,23443,22245070
Hotel Artemis,2018,94,6.1,58,23425,6708147
Leave No Trace,2018,109,7.2,88,23368,6046104
Mute,2018,126,5.4,35,23354,Unknown
The Discovery,2017,102,6.3,54,23339,Unknown
American Animals,2018,116,7.0,68,23196,2856954
The House with a Clock in Its Walls,2018,105,6.1,57,23131,68549695
The Open House,2018,94,3.3,Unknown,22729,Unknown
Apostle,2018,130,6.3,62,22705,Unknown
Revenge,2017,108,6.3,81,22440,102091
Nada a Perder,2018,134,6.7,Unknown,22426,1003497
Narcos: Mexico,2018,50,8.5,Unknown,22407,Unknown
Sherlock,2010,89,9.2,Unknown,22207,Unknown
What the Health,2017,97,7.8,Unknown,22154,Unknown
Hold the Dark,2018,125,5.7,63,22002,Unknown
Black Mirror,2011,41,6.7,Unknown,21912,Unknown
The Ottoman Lieutenant,2017,106,6.7,26,21911,Unknown
The Titan,2018,97,4.8,33,21889,Unknown
Kaabil,2017,139,7.1,Unknown,21760,Unknown
Unlocked,2017,98,6.2,46,21733,Unknown
Thoroughbreds,2017,92,6.8,75,21729,2830775
Sierra Burgess Is a Loser,2018,105,6.0,60,21725,Unknown
Table 19,2017,87,5.8,40,21654,3606977
Nelyubov,2017,127,7.7,86,21645,566356
First Reformed,2017,113,7.1,85,21622,3448256
Sherlock,2010,89,8.3,Unknown,21418,Unknown
Mersal,2017,172,8.1,Unknown,21405,Unknown
Papillon,2017,133,7.1,51,21405,2335896
Padmaavat,2018,164,7.0,63,21354,11846060
I Kill Giants,2017,106,6.2,74,21354,Unknown
"Roman J. Israel, Esq.",2017,122,6.4,58,21307,11962712
Winchester,2018,99,5.4,28,21259,25091816
The Glass Castle,2017,127,7.2,56,21239,17273059
Castle Rock,2018,60,7.8,Unknown,21219,Unknown
Castlevania,2017,23,8.1,Unknown,21204,Unknown
Home Again,2017,97,5.8,41,21022,27020284
Captain Underpants: The First Epic Movie,2017,89,6.2,69,20930,73921000
American Vandal,2017,34,8.2,Unknown,20850,Unknown
Overboard,2018,112,5.9,42,20761,50316123
You,2018,60,8.1,Unknown,20684,Unknown
Braven,2018,94,6.1,61,20672,Unknown
Life of the Party,2018,105,5.5,46,20503,52856061
Young Sheldon,2017,30,7.2,Unknown,20386,Unknown
Mortal Engines,2018,128,6.4,44,20132,15848515
The Favourite,2018,119,8.0,90,19881,20118036
"Game Over, Man!",2018,101,5.4,32,19718,Unknown
Sherlock,2010,88,7.7,Unknown,19717,Unknown
Aus dem Nichts,2017,106,7.1,65,19481,321011
The Wall,2017,88,6.2,57,19279,1803009
Ghost Stories,2017,98,6.4,68,19197,135095
The Strangers: Prey at Night,2018,85,5.2,48,19172,24431472
The 15:17 to Paris,2018,94,5.2,45,19125,36250957
Safe,2018,60,7.3,Unknown,18984,Unknown
Thelma,2017,116,7.0,74,18955,147391
Borg McEnroe,2017,107,7.0,63,18955,14113354
Gringo,2018,111,6.1,46,18727,4969853
The Protector,2018,40,7.7,Unknown,18622,Unknown
Rick and Morty,2013,22,9.8,Unknown,18617,Unknown
Happy!,2017,60,8.3,Unknown,18507,Unknown
The House That Jack Built,2018,152,7.0,42,18406,81857
Green Book,2018,130,8.3,70,18382,36164601
Overlord,2018,110,7.1,60,18216,21704844
Jolly LLB 2,2017,137,7.3,Unknown,18149,1632440
Wonder Wheel,2017,101,6.2,45,18129,1403237
Inhumans,2017,43,5.1,Unknown,18064,Unknown
Goodbye Christopher Robin,2017,107,7.1,54,18033,1735251
Tiger Zinda Hai,2017,161,6.1,Unknown,18018,5560921
The Guernsey Literary and Potato Peel Pie Society,2018,124,7.4,65,17988,Unknown
Megan Leavey,2017,116,7.1,66,17954,13406304
The Book of Henry,2017,105,6.6,31,17782,4219536
The Wizard of Lies,2017,133,6.8,Unknown,17745,Unknown
All Eyez on Me,2017,139,5.8,38,17681,44922302
Teströl és lélekröl,2017,116,7.6,77,17679,Unknown
Dear White People,2017,30,6.3,Unknown,17574,Unknown
Berlin Syndrome,2017,116,6.3,70,17547,28660
Tau,2018,97,5.7,43,17545,Unknown
"Jim & Andy: The Great Beyond - Featuring a Very Special, Contractually Obligated Mention of Tony Clifton",2017,94,7.7,77,17542,Unknown
The Mist,2017,42,5.4,Unknown,17394,Unknown
College Romance,2018,30,9.7,Unknown,17388,Unknown
Last Flag Flying,2017,125,6.9,65,17374,965481
The Grinch,2018,86,6.4,51,17347,269817700
Escape Plan 2: Hades,2018,96,3.8,Unknown,17131,Unknown
Final Space,2018,30,8.4,Unknown,17024,Unknown
The Darkest Minds,2018,104,5.6,39,16987,12695691
Aftermath,2017,94,5.7,44,16963,Unknown
Super Troopers 2,2018,99,6.1,41,16942,30617396
Alias Grace,2017,60,7.9,Unknown,16935,Unknown
The Rain,2018,45,6.3,Unknown,16892,Unknown
The Endless,2017,111,6.5,80,16886,272020
Summer of 84,2018,105,6.7,57,16873,Unknown
Vikram Vedha,2017,147,8.8,Unknown,16869,Unknown
The Lego Ninjago Movie,2017,101,6.0,55,16859,59281555
The Deuce,2017,60,8.1,Unknown,16781,Unknown
Una mujer fantástica,2017,104,7.2,86,16743,2020988
Hagane no renkinjutsushi,2017,135,5.8,48,16365,Unknown
Titans,2018,45,8.3,Unknown,16255,Unknown
Professor Marston and the Wonder Women,2017,108,7.1,68,16231,1584759
Jab Harry Met Sejal,2017,143,5.4,Unknown,16210,1284740
Operation Finale,2018,122,6.5,58,16209,17612099
The Bye Bye Man,2017,96,4.3,37,16096,22377458
Stranger Things,2016,45,6.2,Unknown,15958,Unknown
Cult of Chucky,2017,91,5.2,69,15931,Unknown
22 July,2018,143,6.8,69,15929,Unknown
God's Own Country,2017,104,7.7,85,15873,335609
Zero,2018,164,6.1,Unknown,15845,Unknown
Hindi Medium,2017,132,7.8,Unknown,15842,Unknown
Justice League Dark,2017,75,7.1,Unknown,15575,Unknown
iBoy,2017,90,6.0,50,15556,Unknown
El bar,2017,102,6.3,Unknown,15523,Unknown
Traffik,2018,96,6.0,37,15482,9186156
Smallfoot,2018,96,6.7,60,15456,83169877
Leatherface,2017,90,5.0,40,15316,Unknown
2:22,2017,98,5.7,Unknown,15307,Unknown
Slender Man,2018,93,3.2,30,15301,30569484
Koombiyo,2017,20,9.8,Unknown,15252,Unknown
Disobedience,2017,114,6.6,74,15191,3480702
Secret Superstar,2017,150,8.0,Unknown,15187,Unknown
Black Lightning,2018,43,6.4,Unknown,15134,Unknown
Blue Planet II,2017,60,9.3,Unknown,14988,Unknown
The Outsider,2018,120,6.3,30,14956,Unknown
Stree,2018,128,7.9,Unknown,14901,Unknown
Little Evil,2017,94,5.7,Unknown,14893,Unknown
Insatiable,2018,45,6.7,Unknown,14840,Unknown
Runaways,2017,60,7.3,Unknown,14807,Unknown
Raazi,2018,138,7.8,Unknown,14793,Unknown
Book Club,2018,104,6.1,53,14791,68566296
Song to Song,2017,129,5.7,54,14771,443684
Patrick Melrose,2018,60,8.2,Unknown,14711,Unknown
Ghostland,2018,91,6.4,44,14708,Unknown
My Cousin Rachel,2017,106,6.0,63,14665,2676077
Zimna wojna,2018,88,7.8,91,14562,272118
Smurfs: The Lost Village,2017,90,6.0,40,14511,45020282
Bao,2018,8,7.5,Unknown,14489,Unknown
Rangasthalam,2018,170,8.6,Unknown,14465,Unknown
2.0,2018,148,7.1,Unknown,14462,Unknown
Parmanu: The Story of Pokhran,2018,129,7.8,Unknown,14383,Unknown
Sonu Ke Titu Ki Sweety,2018,138,7.2,Unknown,14356,Unknown
Marrowbone,2017,110,6.6,63,14336,1377
Beyond Skyline,2017,106,5.3,46,14329,992181
Yeh Meri Family,2018,30,9.5,Unknown,14249,Unknown
Anne,2017,60,8.4,Unknown,14247,Unknown
Mom and Dad,2017,86,5.5,59,14109,Unknown
Early Man,2018,89,6.1,68,14106,8267544
Toilet - Ek Prem Katha,2017,155,7.3,Unknown,14073,1830715
K.G.F: Chapter 1,2018,156,8.9,Unknown,14043,Unknown
Sand Castle,2017,113,6.3,45,14009,Unknown
Wild Wild Country,2018,401,8.2,Unknown,14008,Unknown
Breathe,2017,118,7.1,51,13904,490131
Night School,2018,111,5.6,43,13889,77339130
Wish Upon,2017,90,5.0,32,13845,14301505
Robin Hood,2018,116,5.4,32,13813,30818215
Like Father,2018,98,6.1,52,13803,Unknown
Jeepers Creepers 3,2017,100,4.1,Unknown,13792,2235162
Tulip Fever,2017,105,6.2,38,13772,2425664
Counterpart,2017,60,8.1,Unknown,13726,Unknown
Barry,2018,30,8.1,Unknown,13705,Unknown
Flames,2018,20,9.6,Unknown,13651,Unknown
Once Upon a Time in Venice,2017,94,5.3,28,13642,Unknown
Padman,2018,140,8.1,Unknown,13509,1662927
Genius,2017,43,8.4,Unknown,13500,Unknown
The Hurricane Heist,2018,103,5.0,35,13481,6115825
Feud,2017,45,8.6,Unknown,13456,Unknown
The Little Hours,2017,90,5.8,69,13432,1647175
Den skyldige,2018,85,7.6,83,13425,207140
Naked,2017,96,5.4,36,13226,Unknown
Marshall,2017,118,7.2,66,13195,10051659
Midnight Sun,2018,91,6.6,38,13190,9561064
6 Days,2017,94,6.2,36,13181,Unknown
Wheelman,2017,82,6.4,66,13178,Unknown
The Sisters Brothers,2018,121,7.1,78,13135,3143056
Arjun Reddy,2017,182,8.5,Unknown,13131,Unknown
Stranger Things,2016,62,9.4,Unknown,13056,Unknown
Super Dark Times,2017,103,6.6,75,13019,33109
Calibre,2018,101,6.7,76,13005,Unknown
Father Figures,2017,113,5.4,22,12985,17501244
The Happytime Murders,2018,91,5.3,27,12960,20706452
Fahrenheit 451,2018,100,4.9,Unknown,12933,Unknown
Thugs of Hindostan,2018,164,3.7,Unknown,12914,1449848
Rick and Morty,2013,22,9.5,Unknown,12891,Unknown
Beirut,2018,109,6.4,69,12838,5019226
Mirzapur,2018,60,8.6,Unknown,12798,Unknown
Élite,2018,60,7.6,Unknown,12791,Unknown
Brigsby Bear,2017,97,7.3,68,12719,532669
The Party,2017,71,6.6,73,12718,749827
Lucky,2017,88,7.4,80,12653,955925
Chalard games goeng,2017,130,7.7,Unknown,12631,Unknown
Bharat Ane Nenu,2018,173,8.1,Unknown,12582,3554187
Cam,2018,94,6.0,71,12545,Unknown
Security,2017,88,5.7,Unknown,12543,Unknown
Salvation,2017,43,7.1,Unknown,12466,Unknown
Hunter Killer,2018,122,6.8,43,12453,15767460
Terminal,2018,95,5.3,27,12441,Unknown
Rememory,2017,111,6.2,48,12432,Unknown
A Discovery of Witches,2018,60,8.2,Unknown,12429,Unknown
Girlboss,2017,26,7.1,Unknown,12368,Unknown
The Breadwinner,2017,94,7.7,78,12240,312381
Batman Ninja,2018,85,5.6,Unknown,12228,Unknown
Badhaai Ho,2018,124,8.1,Unknown,12220,Unknown
Evil Genius: The True Story of America's Most Diabolical Bank Heist,2018,192,7.6,Unknown,12173,Unknown
The Week Of,2018,116,5.1,42,12161,Unknown
Brad's Status,2017,102,6.5,71,12153,2133158
Crooked House,2017,115,6.3,59,12107,Unknown
Won't You Be My Neighbor?,2018,94,8.5,85,12101,22609437
A Prayer Before Dawn,2017,116,6.9,76,12066,Unknown
The Keepers,2017,434,8.2,Unknown,12014,Unknown
Tubelight,2017,136,4.1,Unknown,12006,930058
The Good Fight,2017,45,8.4,Unknown,11962,Unknown
Singularity,2017,92,3.9,Unknown,11802,4176
Future Man,2017,30,7.9,Unknown,11793,Unknown
Dumplin',2018,110,6.8,53,11772,Unknown
Stranger Things,2016,47,9.3,Unknown,11690,Unknown
Suspiria,2018,152,7.3,64,11639,2474044
Creep 2,2017,78,6.4,75,11610,Unknown
Newton,2017,106,7.7,Unknown,11553,Unknown
Churchill,2017,105,6.3,44,11539,1244798
The Princess Switch,2018,101,6.0,Unknown,11530,Unknown
Recep Ivedik 5,2017,114,3.5,Unknown,11519,Unknown
Aile Arasinda,2017,124,8.0,Unknown,11502,Unknown
Loving Pablo,2017,123,6.3,42,11377,22017
Westworld,2016,58,8.8,Unknown,11360,Unknown
Mugen no jûnin,2017,140,6.8,72,11324,150532
A Christmas Prince,2017,92,5.7,Unknown,11323,Unknown
Sandy Wexler,2017,130,5.1,40,11314,Unknown
Bareilly Ki Barfi,2017,116,7.5,Unknown,11289,Unknown
Ibiza,2018,94,5.2,56,11261,Unknown
Gypsy,2017,51,6.9,Unknown,11179,Unknown
The Resident,2018,60,7.3,Unknown,11125,Unknown
Destination Wedding,2018,90,6.0,46,11087,Unknown
The Mick,2017,30,7.8,Unknown,11073,Unknown
Mayhem,2017,86,6.3,62,11041,Unknown
How to Be a Latin Lover,2017,115,5.9,54,11032,32088029
The Walking Dead,2010,60,7.6,Unknown,10996,Unknown
Who Is America?,2018,30,8.4,Unknown,10970,Unknown
The Night Comes for Us,2018,121,7.1,69,10954,Unknown
Blindspotting,2018,95,7.4,77,10917,4333394
Vice,2018,132,7.1,61,10915,32026399
Stranger Things,2016,48,8.4,Unknown,10915,Unknown
The Old Man & the Gun,2018,93,7.0,80,10894,11231226
Bad Samaritan,2018,110,6.4,42,10887,3435047
9-1-1,2018,43,7.5,Unknown,10840,Unknown
Everything Sucks!,2018,30,7.5,Unknown,10804,Unknown
The Tick,2017,29,7.4,Unknown,10785,Unknown
Cloak & Dagger,2018,44,7.0,Unknown,10749,Unknown
Unforgettable,2017,100,5.1,45,10708,11274490
Mulk,2018,140,6.2,Unknown,10695,Unknown
Mr. Mercedes,2017,60,8.0,Unknown,10664,Unknown
Stranger Things,2016,51,9.2,Unknown,10657,Unknown
Beautiful Boy,2018,120,7.3,63,10639,7610815
Every Day,2018,97,6.4,52,10613,6102076
Friends from College,2017,30,6.6,Unknown,10451,Unknown
Amityville: The Awakening,2017,85,4.9,42,10292,742
Sahsiyet,2018,60,9.2,Unknown,10262,Unknown
"Midnight, Texas",2017,60,7.5,Unknown,10199,Unknown
Raid,2018,122,7.4,Unknown,10110,1010385
Krypton,2018,45,7.1,Unknown,10095,Unknown
"Don't Worry, He Won't Get Far on Foot",2018,114,6.9,67,10092,1441705
Rick and Morty,2013,23,9.2,Unknown,10060,Unknown
Unfriended: Dark Web,2018,92,5.8,53,10045,8783985
Alex Strangelove,2018,99,6.3,62,10036,Unknown
Teen Titans Go! To the Movies,2018,84,6.8,69,10023,29562341
Veere Di Wedding,2018,135,3.1,Unknown,10023,Unknown
12 Feet Deep,2017,85,5.6,Unknown,9997,Unknown
Good Girls,2018,43,7.9,Unknown,9994,Unknown
Stranger Things,2016,56,8.5,Unknown,9978,Unknown
I Can Only Imagine,2018,110,7.3,30,9955,83482352
HHhH,2017,120,6.4,Unknown,9927,Unknown
OtherLife,2017,96,6.3,Unknown,9883,Unknown
Black Butterfly,2017,93,6.1,43,9876,Unknown
Stranger Things,2016,58,8.9,Unknown,9843,Unknown
Tumbbad,2018,104,8.4,Unknown,9829,Unknown
Stranger Things,2016,51,8.7,Unknown,9776,Unknown
The Vault,2017,91,4.8,50,9765,5728
L'insulte,2017,113,7.7,72,9732,1001305
The Nutcracker and the Four Realms,2018,99,5.6,39,9715,54766081
120 battements par minute,2017,143,7.5,84,9680,125189
Manbiki kazoku,2018,121,8.1,93,9679,1646805
Overdrive,2017,93,5.4,Unknown,9654,Unknown
Vivegam,2017,149,6.0,Unknown,9618,Unknown
A Futile and Stupid Gesture,2018,101,6.8,55,9617,Unknown
Stranger Things,2016,46,8.7,Unknown,9586,Unknown
Goon: Last of the Enforcers,2017,101,5.8,48,9583,Unknown
Babylon Berlin,2017,45,8.4,Unknown,9543,Unknown
Knightfall,2017,60,6.6,Unknown,9529,Unknown
First They Killed My Father,2017,136,7.2,72,9480,Unknown
My Friend Dahmer,2017,107,6.3,68,9468,1355664
Happy End,2017,107,6.8,72,9437,301718
Hangman,2017,98,5.2,31,9420,Unknown
The Walking Dead,2010,47,6.8,Unknown,9407,Unknown
Seven Seconds,2018,60,7.7,Unknown,9401,Unknown
Batman: Gotham by Gaslight,2018,78,6.8,Unknown,9394,Unknown
Sarkar,2018,163,7.5,Unknown,9380,Unknown
Zashchitniki,2017,89,4.0,Unknown,9355,Unknown
Troy: Fall of a City,2018,60,3.8,Unknown,9347,Unknown
Columbus,2017,104,7.2,89,9339,1017107
Mid90s,2018,85,7.4,66,9322,7362439
The Layover,2017,88,4.7,15,9288,Unknown
Westworld,2016,71,8.6,Unknown,9279,Unknown
XX,2017,80,4.6,64,9263,30611
Electric Dreams,2017,60,7.3,Unknown,9253,Unknown
Den 12. mann,2017,135,7.4,75,9222,Unknown
Next Gen,2018,106,6.6,Unknown,9221,Unknown
The Ghazi Attack,2017,116,7.6,Unknown,9220,Unknown
24 Hours to Live,2017,93,5.7,37,9164,Unknown
Manifest,2018,43,7.4,Unknown,9152,Unknown
SEAL Team,2017,43,7.1,Unknown,9150,Unknown
Ghoul,2018,45,7.2,Unknown,9136,Unknown
Ölümlü Dünya,2018,107,7.9,Unknown,9108,Unknown
Thank You for Your Service,2017,109,6.5,68,9090,9467000
October,2018,115,7.6,Unknown,9057,Unknown
Beoning,2018,148,7.7,90,8966,618493
White Boy Rick,2018,111,6.5,59,8962,24011188
McMafia,2018,60,7.7,Unknown,8961,Unknown
Radius,2017,93,6.2,Unknown,8929,Unknown
El Chapo,2017,43,7.9,Unknown,8913,Unknown
The Vietnam War,2017,990,9.1,Unknown,8911,Unknown
Westworld,2016,70,8.0,Unknown,8890,Unknown
Three Identical Strangers,2018,96,7.7,81,8853,12320845
Gaga: Five Foot Two,2017,100,7.1,63,8835,Unknown
96,2018,158,8.9,Unknown,8816,Unknown
Six,2017,60,7.3,Unknown,8794,Unknown
The Man Who Invented Christmas,2017,104,7.0,60,8682,5676486
Occupation,2018,119,5.3,45,8681,Unknown
Shaadi Mein Zaroor Aana,2017,137,7.7,Unknown,8677,Unknown
The Girl in the Spider's Web,2018,117,6.1,43,8657,14841338
Todos lo saben,2018,132,7.0,66,8644,Unknown
Beach Rats,2017,98,6.4,78,8640,472368
Wilson,2017,94,5.8,49,8631,652997
Olaf's Frozen Adventure,2017,22,5.2,Unknown,8630,Unknown
Homecoming,2018,30,7.6,Unknown,8622,Unknown
You Get Me,2017,89,4.7,Unknown,8589,Unknown
The Package,2018,94,5.5,Unknown,8570,Unknown
Teen Titans: The Judas Contract,2017,84,7.0,Unknown,8513,Unknown
Under the Silver Lake,2018,139,6.4,59,8511,Unknown
Batman and Harley Quinn,2017,74,5.9,Unknown,8493,Unknown
The Miseducation of Cameron Post,2018,91,6.7,69,8448,904703
Toivon tuolla puolen,2017,100,7.2,84,8447,183943
The Hate U Give,2018,133,7.0,81,8437,29699245
The Mule,2018,116,7.2,58,8434,84181003
Mark Felt: The Man Who Brought Down the White House,2017,103,6.4,49,8410,768946
Better Call Saul,2015,49,9.7,Unknown,8373,Unknown
Collateral,2018,57,6.7,Unknown,8368,Unknown
The Tale,2018,114,7.3,90,8359,Unknown
Taeksi woonjunsa,2017,137,7.8,69,8307,1527829
Resident Evil: Vendetta,2017,97,6.3,Unknown,8273,Unknown
Killing Gunther,2017,92,4.7,53,8261,Unknown
In Darkness,2018,100,5.7,59,8242,Unknown
Aknyeo,2017,129,6.7,64,8239,27741
Badrinath Ki Dulhania,2017,139,6.2,Unknown,8219,1988441
Entebbe,2018,107,5.8,49,8214,3189220
Chappaquiddick,2017,106,6.5,67,8214,17395520
Sin-gwa ham-kke: Jwi-wa beol,2017,139,7.3,Unknown,8202,1908823
Patti Cake$,2017,109,6.7,67,8164,800148
Gold,2018,151,7.5,Unknown,8153,Unknown
Perfectos desconocidos,2017,97,7.0,Unknown,8101,Unknown
Britannia,2017,60,6.6,Unknown,8091,Unknown
Voice from the Stone,2017,94,5.2,42,8085,Unknown
Smoke,2018,40,8.9,Unknown,8082,Unknown
Dynasty,2017,42,7.3,Unknown,8066,Unknown
Ahlat Agaci,2018,188,8.4,88,8065,Unknown
Newness,2017,117,6.4,50,8053,Unknown
God of War,2018,Unknown,9.7,Unknown,8024,Unknown
Breaking In,2018,88,5.3,42,8021,46383120
Shimmer Lake,2017,83,6.2,Unknown,8009,Unknown
Forever My Girl,2018,108,6.7,36,7985,16376066
Ryde,2017,84,6.0,Unknown,7938,Unknown
Ratsasan,2018,170,8.9,Unknown,7934,Unknown
S.W.A.T.,2017,43,6.7,Unknown,7930,Unknown
The Only Living Boy in New York,2017,89,6.3,33,7911,624332
Gotti,2018,112,4.9,24,7879,4343227
Queer Eye,2018,45,8.4,Unknown,7878,Unknown
The Defiant Ones,2017,60,8.6,Unknown,7871,Unknown
Red Dead Redemption II,2018,Unknown,9.8,Unknown,7808,Unknown
Amy Schumer: The Leather Special,2017,57,2.9,Unknown,7786,Unknown
Our Souls at Night,2017,103,6.9,69,7779,Unknown
"Juliet, Naked",2018,97,6.6,67,7765,3444895
The Walking Dead,2010,45,9.0,Unknown,7713,Unknown
Ittefaq,2017,105,7.2,Unknown,7700,298032
Cumali Ceber 2,2018,100,4.3,Unknown,7677,Unknown
Wonderstruck,2017,116,6.2,71,7674,1033632
Dhadak,2018,138,4.4,Unknown,7666,Unknown
Spyder,2017,155,6.9,Unknown,7657,Unknown
Jagga Jasoos,2017,161,6.4,Unknown,7627,490232
Beatriz at Dinner,2017,82,6.1,68,7613,7115854
Kodachrome,2017,105,6.8,57,7594,Unknown
Cold Skin,2017,108,6.0,Unknown,7542,Unknown
Taken,2017,41,6.7,Unknown,7538,Unknown
Doctor Who,2005,60,7.2,Unknown,7534,Unknown
Lean on Pete,2017,121,7.2,80,7526,1163056
L'amant double,2017,107,6.2,70,7479,167581
Westworld,2016,90,8.6,Unknown,7476,Unknown
The Walking Dead,2010,41,6.7,Unknown,7447,Unknown
Small Town Crime,2017,91,6.6,68,7423,Unknown
Fahrenheit 11/9,2018,128,6.3,69,7419,6352306
Dogman,2018,103,7.4,75,7402,Unknown
Kidding,2018,30,7.9,Unknown,7365,Unknown
The Walking Dead,2010,62,6.7,Unknown,7360,Unknown
Bleach,2018,108,6.5,Unknown,7336,Unknown
Yellowstone,2018,60,8.3,Unknown,7336,Unknown
Uncle Drew,2018,103,5.7,57,7331,42469946
Tour de Pharmacy,2017,39,7.1,Unknown,7289,Unknown
Breathe,2018,45,8.5,Unknown,7287,Unknown
The Walking Dead,2010,51,8.1,Unknown,7275,Unknown
Je ne suis pas un homme facile,2018,98,6.4,Unknown,7260,Unknown
Gunpowder,2017,59,6.7,Unknown,7244,Unknown
Westworld,2016,58,7.9,Unknown,7232,Unknown
Please Stand By,2017,93,6.7,49,7208,9868
First Kill,2017,97,4.9,39,7195,Unknown
Louis C.K. 2017,2017,74,7.5,Unknown,7188,Unknown
Private Life,2018,123,7.3,83,7178,Unknown
Müslüm,2018,136,8.3,Unknown,7151,Unknown
SideHero,2018,30,8.8,Unknown,7139,Unknown
Disjointed,2017,30,6.7,Unknown,7133,Unknown
Wildling,2018,92,5.5,58,7118,Unknown
The Brave,2017,43,7.5,Unknown,7116,Unknown
Gong fu yu jia,2017,107,5.2,50,7098,362657
Tin Star,2017,60,7.3,Unknown,7091,Unknown
Lust Stories,2018,120,6.6,Unknown,7070,Unknown
The Rider,2017,104,7.5,92,7070,2419031
Westworld,2016,58,7.9,Unknown,7045,Unknown
The Kominsky Method,2018,30,8.2,Unknown,7031,Unknown
Meari to majo no hana,2017,103,6.8,75,7028,2418404
Lucifer,2015,43,9.8,Unknown,7025,Unknown
Visages villages,2017,94,7.9,94,6970,953717
Prityazhenie,2017,117,5.5,Unknown,6970,Unknown
Bushwick,2017,94,5.2,44,6957,Unknown
Karwaan,2018,114,7.6,Unknown,6951,182009
Sachin,2017,138,8.7,Unknown,6946,Unknown
Baaghi 2,2018,137,5.1,Unknown,6931,1319579
Father of the Year,2018,94,5.2,32,6926,Unknown
Siberia,2018,104,4.3,34,6913,Unknown
The Crossing,2018,42,7.3,Unknown,6903,Unknown
Westworld,2016,58,8.1,Unknown,6892,Unknown
The Humanity Bureau,2017,95,5.0,Unknown,6889,Unknown
Waco,2018,47,8.0,Unknown,6869,Unknown
Judwaa 2,2017,145,3.9,Unknown,6861,1431255
Golmaal Again,2017,140,5.0,Unknown,6832,1013893
Las chicas del cable,2017,50,7.8,Unknown,6813,Unknown
Ricky Gervais: Humanity,2018,79,7.9,Unknown,6812,Unknown
One Day at a Time,2017,30,8.2,Unknown,6811,Unknown
The Age of Spin: Dave Chappelle Live at the Hollywood Palladium,2017,67,8.0,Unknown,6802,Unknown
A Sniper's War,2018,83,1.8,Unknown,6798,Unknown
Rick and Morty,2013,22,8.1,Unknown,6794,Unknown
The Walking Dead,2010,43,7.0,Unknown,6792,Unknown
The Walking Dead,2010,41,6.3,Unknown,6787,Unknown
Imposters,2017,41,7.8,Unknown,6787,Unknown
The Angel,2018,114,6.7,Unknown,6746,Unknown
The Flash,2014,43,6.2,Unknown,6734,Unknown
Acts of Vengeance,2017,87,5.7,49,6721,Unknown
The Walking Dead,2010,41,6.8,Unknown,6713,Unknown
Sherlock Gnomes,2018,86,5.1,36,6705,43242871
Bairavaa,2017,169,6.2,Unknown,6701,Unknown
The Haunting of Hill House,2018,70,9.5,Unknown,6645,Unknown
Instant Family,2018,118,7.6,57,6643,66388560
Climax,2018,95,7.7,83,6632,Unknown
The Walking Dead,2010,46,7.4,Unknown,6625,Unknown
Active Measures,2018,109,8.3,68,6619,11953
Le sens de la fête,2017,117,6.9,Unknown,6613,Unknown
The Walking Dead,2010,49,7.4,Unknown,6610,Unknown
The Walking Dead,2010,47,7.7,Unknown,6604,Unknown
The Wife,2017,100,7.3,77,6598,8206930
Deep in the Heart of Texas: Dave Chappelle Live at Austin City Limits,2017,66,7.9,Unknown,6586,Unknown
The Polka King,2017,95,5.9,65,6582,Unknown
Goosebumps 2: Haunted Halloween,2018,90,5.7,53,6576,46700633
Westworld,2016,59,7.8,Unknown,6573,Unknown
Acts of Violence,2018,86,5.2,28,6569,Unknown
Kin,2018,102,5.7,35,6548,5718096
Inconceivable,2017,105,5.2,Unknown,6536,Unknown
Charmed,2018,43,4.1,Unknown,6523,Unknown
Down a Dark Hall,2018,96,5.2,56,6523,Unknown
Westworld,2016,59,8.5,Unknown,6518,Unknown
13 Reasons Why,2017,60,9.1,Unknown,6518,Unknown
Siren,2018,60,7.2,Unknown,6511,Unknown
Win It All,2017,88,6.2,77,6481,Unknown
Aloko Udapadi,2017,113,9.6,Unknown,6476,Unknown
Billionaire Boys Club,2018,108,5.6,30,6451,Unknown
Payitaht Abdülhamid,2017,120,5.0,Unknown,6448,Unknown
Doctor Who,2005,49,7.2,Unknown,6425,Unknown
They Shall Not Grow Old,2018,99,8.6,92,6422,5703839
Rick and Morty,2013,22,8.8,Unknown,6419,Unknown
The Great Father,2017,151,7.4,Unknown,6414,Unknown
The Punisher,2017,51,9.5,Unknown,6410,Unknown
Hichki,2018,116,7.5,Unknown,6408,330279
Kaala,2018,162,6.9,Unknown,6396,Unknown
Suicide Squad: Hell to Pay,2018,86,7.0,Unknown,6394,Unknown
The Walking Dead,2010,46,6.6,Unknown,6380,Unknown
Rick and Morty,2013,23,8.1,Unknown,6372,Unknown
The Pirates of Somalia,2017,116,6.8,54,6372,Unknown
Bill Nye Saves the World,2017,30,3.6,Unknown,6364,Unknown
Salyut-7,2017,111,7.2,Unknown,6360,Unknown
Tragedy Girls,2017,98,6.0,58,6349,61899
The Hero,2017,96,6.5,61,6346,4077333
Holmes & Watson,2018,90,3.4,24,6346,29284399
An Inconvenient Sequel: Truth to Power,2017,98,6.3,68,6332,3496795
Deception,2018,41,7.5,Unknown,6328,Unknown
Mary Shelley,2017,120,6.4,49,6320,97321
Absentia,2017,60,7.3,Unknown,6318,Unknown
Mayans M.C.,2018,60,7.5,Unknown,6306,Unknown
Christmas Inheritance,2017,104,5.7,Unknown,6301,Unknown
November Criminals,2017,107,5.3,31,6285,Unknown
Sidney Hall,2017,119,6.9,18,6283,Unknown
Revolt,2017,87,5.2,Unknown,6268,Unknown
Renegades,2017,106,5.4,33,6265,Unknown
Hot Summer Nights,2017,107,6.4,44,6225,Unknown
Mom,2017,146,7.3,Unknown,6198,Unknown
The Dinner,2017,120,4.5,57,6191,1322839
Paradise PD,2018,28,7.0,Unknown,6183,Unknown
Arrow,2012,42,9.7,Unknown,6182,Unknown
The Looming Tower,2018,50,8.0,Unknown,6181,Unknown
Deadpool: No Good Deed,2017,4,8.2,Unknown,6172,Unknown
Devilman: Crybaby,2018,25,7.6,Unknown,6168,Unknown
Mahanati,2018,177,8.7,Unknown,6140,Unknown
The Bold Type,2017,45,8.1,Unknown,6137,Unknown
Prison Break,2005,45,8.7,Unknown,6118,Unknown
Strike,2017,60,7.9,Unknown,6100,Unknown
Colette,2018,111,6.8,74,6086,5137622
Westworld,2016,58,7.8,Unknown,6076,Unknown
Day of the Dead: Bloodline,2018,90,3.4,Unknown,6068,Unknown
How to Talk to Girls at Parties,2017,102,5.8,50,6066,84809
Masum,2017,60,8.9,Unknown,6060,Unknown
The Case for Christ,2017,112,6.2,50,6053,14678714
The Walking Dead,2010,56,6.8,Unknown,6025,Unknown
La Mante,2017,52,7.5,Unknown,6024,Unknown
Rick and Morty,2013,22,8.4,Unknown,5983,Unknown
The Bookshop,2017,113,6.5,62,5963,1588150
Kill Switch,2017,91,4.8,31,5950,Unknown
Blade Runner: Black Out 2022,2017,15,7.4,Unknown,5938,Unknown
The Last Word,2017,108,6.6,40,5935,1782667
Proud Mary,2018,89,4.9,35,5934,20868638
Spinning Man,2018,100,5.6,44,5934,Unknown
The Hunter's Prayer,2017,91,5.5,35,5915,Unknown
The Walking Dead,2010,43,7.6,Unknown,5914,Unknown
The Haunting of Hill House,2018,57,9.4,Unknown,5900,Unknown
The Recall,2017,90,4.4,Unknown,5898,17218989
Hannah Gadsby: Nanette,2018,69,8.5,Unknown,5897,Unknown
Office Uprising,2018,92,6.5,Unknown,5893,Unknown
13 Reasons Why,2017,54,8.3,Unknown,5889,Unknown
Malevolent,2018,89,4.8,Unknown,5889,Unknown
Kiborgy. Heroyi ne vmyrayut,2017,112,8.4,Unknown,5888,Unknown
The Walking Dead,2010,51,7.3,Unknown,5888,Unknown
Blackmail,2018,138,7.0,Unknown,5882,Unknown
Gi-eok-ui bam,2017,108,7.3,Unknown,5877,Unknown
The Death of Superman,2018,81,7.4,Unknown,5854,Unknown
The Lodgers,2017,92,5.1,52,5819,Unknown
Rick and Morty,2013,22,8.7,Unknown,5811,Unknown
Bullet Head,2017,93,5.3,51,5798,Unknown
Film Stars Don't Die in Liverpool,2017,105,6.7,65,5787,1026124
The Man from Earth: Holocene,2017,98,5.3,Unknown,5778,5472
The Walking Dead,2010,48,7.5,Unknown,5777,Unknown
Tuntematon sotilas,2017,180,7.9,Unknown,5772,Unknown
Wildlife,2018,105,7.1,80,5765,1024412
Snowfall,2017,44,7.8,Unknown,5760,Unknown
The Purge,2018,60,6.2,Unknown,5732,Unknown
The Whiskey Bandit,2017,126,7.6,Unknown,5717,Unknown
Powerless,2017,21,6.4,Unknown,5715,Unknown
OHA Diyorum,2017,90,2.7,Unknown,5705,Unknown
Beast,2017,107,6.9,74,5691,800365
The White Princess,2017,Unknown,7.7,Unknown,5687,Unknown
13 Reasons Why,2017,54,9.0,Unknown,5666,Unknown
El Camino Christmas,2017,89,5.6,Unknown,5659,Unknown
Bokeh,2017,92,5.0,56,5650,Unknown
Shubh Mangal Saavdhan,2017,119,6.9,Unknown,5620,689874
Escape at Dannemora,2018,Unknown,8.2,Unknown,5619,Unknown
Psych: The Movie,2017,88,7.6,Unknown,5617,Unknown
The Punisher,2017,51,8.7,Unknown,5602,Unknown
Theeran Adhigaaram Ondru,2017,157,8.3,Unknown,5577,Unknown
Fi,2017,60,8.1,Unknown,5569,Unknown
The Walking Dead,2010,45,6.1,Unknown,5556,Unknown
Bleeding Steel,2017,109,5.2,43,5535,Unknown
El guardián invisible,2017,129,6.3,Unknown,5521,Unknown
Juzni vetar,2018,130,8.5,Unknown,5519,Unknown
Mr. Robot,2015,45,9.7,Unknown,5510,Unknown
Utøya 22. juli,2018,93,7.5,75,5494,Unknown
Assassination Nation,2018,108,5.9,56,5489,1959204
Succession,2018,60,7.7,Unknown,5478,Unknown
Rebel in the Rye,2017,106,6.6,46,5478,378294
Condor,2018,60,7.8,Unknown,5445,Unknown
Sweet Virginia,2017,93,6.2,72,5438,10456
The Kindergarten Teacher,2018,96,6.8,75,5427,Unknown
Death of a Nation,2018,108,4.7,1,5419,5885881
Extortion,2017,108,6.2,Unknown,5391,Unknown
Doctor Who,2005,48,6.3,Unknown,5383,Unknown
Star Trek: Discovery,2017,42,7.2,Unknown,5383,Unknown
Alibi.com,2017,90,6.5,Unknown,5368,Unknown
Irreplaceable You,2018,96,6.4,34,5361,Unknown
Legion,2017,70,8.9,Unknown,5356,Unknown
Nappily Ever After,2018,98,6.4,63,5356,Unknown
White Gold,2017,30,7.4,Unknown,5336,Unknown
Les affamés,2017,104,6.0,Unknown,5335,Unknown
Godzilla: Monster Planet,2017,89,6.0,Unknown,5332,Unknown
The Dragon Prince,2018,26,8.3,Unknown,5327,Unknown
The Super,2017,90,5.9,47,5315,Unknown
The Walking Dead,2010,44,6.5,Unknown,5270,Unknown
A.P. Bio,2018,21,6.9,Unknown,5258,Unknown
The Place,2017,105,7.1,Unknown,5257,Unknown
Blame!,2017,106,6.7,Unknown,5231,Unknown
Toc Toc,2017,90,6.6,Unknown,5214,Unknown
Diary of a Wimpy Kid: The Long Haul,2017,91,4.4,39,5210,20638993
The Nile Hilton Incident,2017,111,6.8,70,5210,81089
2036: Nexus Dawn,2017,6,7.0,Unknown,5209,Unknown
Wet Hot American Summer: Ten Years Later,2017,30,7.0,Unknown,5204,Unknown
Vengeance: A Love Story,2017,99,5.2,Unknown,5196,Unknown
Action Point,2018,85,5.0,36,5182,5059608
The Blacklist: Redemption,2017,43,7.2,Unknown,5182,Unknown
Dirty Dancing,2017,130,3.1,Unknown,5180,Unknown
Aravindha Sametha Veera Raghava,2018,162,8.3,Unknown,5171,Unknown
Half Girlfriend,2017,135,4.3,Unknown,5170,Unknown
Small Crimes,2017,95,5.8,60,5161,Unknown
Mr. Robot,2015,45,9.7,Unknown,5158,Unknown
BoJack Horseman,2014,26,9.8,Unknown,5137,Unknown
Bomb City,2017,95,6.9,65,5131,59329
The Punisher,2017,52,9.3,Unknown,5130,Unknown
Life Itself,2018,117,6.3,21,5125,4102648
Time Trap,2017,87,6.6,Unknown,5123,Unknown
Zhan lang II,2017,123,6.2,44,5122,2721100
Hell Fest,2018,89,5.6,26,5112,11107431
Legacies,2018,45,7.4,Unknown,5110,Unknown
Twin Peaks,2017,56,8.7,Unknown,5106,Unknown
The Walking Dead,2010,46,8.1,Unknown,5102,Unknown
Taboo,2017,55,8.6,Unknown,5102,Unknown
Thunder Road,2018,92,7.2,83,5100,Unknown
Suburra - La serie,2017,50,8.0,Unknown,5086,Unknown
Au revoir là-haut,2017,117,7.6,Unknown,5080,Unknown
Viceroy's House,2017,106,6.7,53,5075,1105717
Love Per Square Foot,2018,133,7.2,Unknown,5068,Unknown
Spider-Man,2018,Unknown,9.5,Unknown,5068,Unknown
The Punisher,2017,55,9.2,Unknown,5061,Unknown
All Nighter,2017,86,5.7,37,5061,Unknown
Impulse,2018,50,7.6,Unknown,5059,Unknown
The Children Act,2017,105,6.7,62,5052,513381
The Rookie,2018,43,8.0,Unknown,5050,Unknown
Detroit: Become Human,2018,Unknown,9.4,Unknown,5050,Unknown
2036 Origin Unknown,2018,94,4.6,Unknown,5041,Unknown
Taxi 5,2018,102,4.7,Unknown,5037,Unknown
UFO,2018,88,6.2,Unknown,5033,Unknown
The Walking Dead,2010,58,7.3,Unknown,5031,Unknown
Fargo,2014,67,8.7,Unknown,5017,Unknown
Daredevil,2015,54,9.6,Unknown,5010,Unknown
I Am Heath Ledger,2017,90,7.4,68,5001,Unknown
On Chesil Beach,2017,110,6.3,62,5001,745971
The Con Is On,2018,90,4.6,Unknown,5000,Unknown
Drone,2017,91,5.3,49,4985,Unknown
Black '47,2018,100,6.9,65,4979,50026
Accident Man,2018,105,6.1,Unknown,4957,Unknown
The Holiday Calendar,2018,95,5.7,Unknown,4955,Unknown
Horizon Zero Dawn,2017,Unknown,9.3,Unknown,4945,Unknown
The Clovehitch Killer,2018,109,6.6,59,4940,8208
Tabula Rasa,2017,60,8.1,Unknown,4940,Unknown
The Conners,2018,30,4.9,Unknown,4925,Unknown
Mary Magdalene,2018,120,5.8,47,4920,Unknown
"Paul, Apostle of Christ",2018,108,6.7,52,4909,17560475
The Walking Dead,2010,44,7.8,Unknown,4908,Unknown
13 Reasons Why,2017,62,8.9,Unknown,4905,Unknown
My Little Pony: The Movie,2017,99,6.1,39,4897,21885107
Star Trek: Discovery,2017,38,7.5,Unknown,4892,Unknown
Famous in Love,2017,42,7.0,Unknown,4892,Unknown
A Very English Scandal,2018,180,7.8,Unknown,4885,Unknown
Vada Chennai,2018,164,8.9,Unknown,4882,Unknown
On My Block,2018,30,8.1,Unknown,4874,Unknown
13 Reasons Why,2017,52,8.1,Unknown,4872,Unknown
New Amsterdam,2018,43,8.0,Unknown,4862,Unknown
Supernatural,2005,42,9.6,Unknown,4848,Unknown
The Punisher,2017,49,9.2,Unknown,4845,Unknown
The Incredible Jessica James,2017,85,6.5,72,4831,Unknown
Galveston,2018,91,6.1,57,4831,Unknown
Pengabdi Setan,2017,107,6.8,Unknown,4829,Unknown
The Star,2017,86,6.1,42,4821,40852824
2048: Nowhere to Run,2017,5,6.9,Unknown,4806,Unknown
Distorted,2018,86,5.3,Unknown,4792,Unknown
The Crucifixion,2017,90,5.0,Unknown,4792,Unknown
Acrimony,2018,120,5.6,32,4785,43549096
Sweet Country,2017,113,6.8,87,4764,95609
Final Score,2018,104,5.7,53,4763,Unknown
Submergence,2017,112,5.4,38,4756,Unknown
Descendants 2,2017,111,6.6,Unknown,4750,Unknown
Patient Zero,2018,93,4.3,Unknown,4747,Unknown
Le jeu,2018,90,6.8,Unknown,4742,Unknown
The Punisher,2017,57,8.4,Unknown,4742,Unknown
Dave Chappelle: Equanimity,2017,64,8.1,Unknown,4739,Unknown
Damnation,2017,60,7.7,Unknown,4737,Unknown
Rick and Morty,2013,22,7.9,Unknown,4732,Unknown
Rick and Morty,2013,22,8.1,Unknown,4718,Unknown
Geetha Govindam,2018,142,8.0,Unknown,4709,Unknown
The First,2018,45,6.7,Unknown,4708,Unknown
Blood Drive,2017,60,7.3,Unknown,4706,Unknown
Hearts Beat Loud,2018,97,6.9,65,4705,2386251
Errementari,2017,98,6.4,Unknown,4702,Unknown
The Sense of an Ending,2017,108,6.3,61,4702,1235432
Clinical,2017,104,5.1,Unknown,4685,Unknown
Oasis,2017,60,8.2,Unknown,4680,Unknown
Ghosted,2017,30,6.3,Unknown,4678,Unknown
The Little Mermaid,2018,85,4.2,Unknown,4669,147000
Lou,2017,7,7.9,Unknown,4666,Unknown
The Haunting of Hill House,2018,60,8.3,Unknown,4663,Unknown
Satyameva Jayate,2018,140,5.8,Unknown,4659,Unknown
Órbita 9,2017,95,5.8,Unknown,4657,Unknown
Goodachari,2018,147,7.9,Unknown,4644,Unknown
Çukur,2017,120,8.2,Unknown,4628,Unknown
Jusqu'à la garde,2017,93,7.6,83,4616,83882
The Leftovers,2014,72,9.6,Unknown,4609,Unknown
Dude,2018,97,5.1,Unknown,4606,Unknown
Pose,2018,75,8.5,Unknown,4602,Unknown
Singam 3,2017,155,6.5,Unknown,4601,Unknown
Twin Peaks,2017,59,8.6,Unknown,4599,Unknown
Spielberg,2017,147,7.7,Unknown,4571,Unknown
Avicii: True Stories,2017,97,7.7,Unknown,4569,Unknown
Demon House,2018,111,5.6,Unknown,4567,Unknown
13 Reasons Why,2017,57,8.0,Unknown,4566,Unknown
Peaky Blinders,2013,60,9.5,Unknown,4545,Unknown
Paterno,2018,105,6.5,Unknown,4543,Unknown
The Punisher,2017,58,8.5,Unknown,4538,Unknown
The Domestics,2018,95,5.7,Unknown,4538,Unknown
Journey's End,2017,107,6.6,73,4524,156164
Trial & Error,2017,22,8.0,Unknown,4523,Unknown
Doctor Who,2005,49,5.4,Unknown,4510,Unknown
Pyewacket,2017,90,5.8,56,4498,Unknown
The Nut Job 2: Nutty by Nature,2017,91,5.4,36,4496,28370522
Star Trek: Discovery,2017,48,7.8,Unknown,4493,Unknown
The Leisure Seeker,2017,112,6.6,45,4472,3226443
Walking Out,2017,95,5.8,79,4471,100240
The Walking Dead,2010,42,7.3,Unknown,4470,Unknown
Mukkabaaz,2017,154,8.1,Unknown,4467,75929
Senke nad Balkanom,2017,60,9.4,Unknown,4467,Unknown
Doctor Who,2005,60,8.1,Unknown,4459,Unknown
Phoenix Forgotten,2017,87,5.2,33,4459,3599570
RBG,2018,98,7.6,72,4438,14017361
Vremya pervykh,2017,140,7.3,Unknown,4414,Unknown
BoJack Horseman,2014,25,9.6,Unknown,4413,Unknown
Big Little Lies,2017,58,9.5,Unknown,4413,Unknown
Get Me Roger Stone,2017,92,7.4,75,4410,Unknown
A Christmas Prince: The Royal Wedding,2018,92,5.1,Unknown,4408,Unknown
The Mercy,2018,112,6.0,60,4404,Unknown
Unacknowledged,2017,100,7.1,Unknown,4403,Unknown
13 Reasons Why,2017,57,8.1,Unknown,4392,Unknown
Ideal Home,2018,91,6.4,62,4381,Unknown
The Cured,2017,95,5.5,57,4379,20261
Look Away,2018,103,6.1,Unknown,4377,Unknown
13 Reasons Why,2017,59,8.2,Unknown,4357,Unknown
102 Not Out,2018,102,7.5,Unknown,4353,1339909
Flower,2017,90,5.9,45,4341,327628
Underverden,2017,112,6.7,Unknown,4340,Unknown
Kelebekler,2018,117,7.8,Unknown,4339,Unknown
Better Call Saul,2015,56,9.2,Unknown,4338,Unknown
Marjorie Prime,2017,99,6.3,82,4338,180608
Better Call Saul,2015,51,8.3,Unknown,4334,Unknown
Daredevil,2015,54,9.6,Unknown,4333,Unknown
6 Below: Miracle on the Mountain,2017,98,5.7,40,4323,Unknown
Jai Lava Kusa,2017,150,7.2,Unknown,4307,Unknown
Better Call Saul,2015,51,9.1,Unknown,4303,Unknown
Replicas,2018,107,5.5,Unknown,4302,Unknown
Daredevil,2015,54,9.6,Unknown,4301,Unknown
Naam Shabana,2017,147,6.3,Unknown,4297,Unknown
Just Getting Started,2017,91,4.3,21,4296,6069605
13 Reasons Why,2017,54,8.3,Unknown,4271,Unknown
The Walking Dead,2010,51,7.4,Unknown,4269,Unknown
The Punisher,2017,49,8.5,Unknown,4268,Unknown
The Punisher,2017,55,8.8,Unknown,4265,Unknown
House of Cards,2013,55,2.7,Unknown,4264,Unknown
The Walking Dead,2010,45,7.1,Unknown,4264,Unknown
Naa Peru Surya Na Illu India,2018,163,7.0,Unknown,4262,Unknown
Trust,2018,60,7.6,Unknown,4258,Unknown
The Beyond,2017,103,4.8,Unknown,4252,Unknown
The Walking Dead,2010,44,8.9,Unknown,4250,Unknown
Boy Erased,2018,115,7.1,71,4236,6788692
13 Reasons Why,2017,50,8.5,Unknown,4233,Unknown
13 Reasons Why,2017,59,8.6,Unknown,4233,Unknown
Sharknado 5: Global Swarming,2017,93,4.0,Unknown,4228,Unknown
A-X-L,2018,98,5.1,29,4211,6501381
